N,vec_sum_mean_ms,vec_sum_std_ms,vec_vwap_mean_ms,vec_vwap_std_ms,vec_ma_mean_ms,vec_ma_std_ms,vec_filter_mean_ms,vec_filter_std_ms,vecdeque_sum_mean_ms,vecdeque_sum_std_ms,vecdeque_vwap_mean_ms,vecdeque_vwap_std_ms,vecdeque_ma_mean_ms,vecdeque_ma_std_ms,vecdeque_filter_mean_ms,vecdeque_filter_std_ms,linkedlist_sum_mean_ms,linkedlist_sum_std_ms,linkedlist_vwap_mean_ms,linkedlist_vwap_std_ms,linkedlist_ma_mean_ms,linkedlist_ma_std_ms,linkedlist_filter_mean_ms,linkedlist_filter_std_ms,columnar_sum_mean_ms,columnar_sum_std_ms,columnar_vwap_mean_ms,columnar_vwap_std_ms,columnar_ma_mean_ms,columnar_ma_std_ms,columnar_filter_mean_ms,columnar_filter_std_ms,vec_memory_mb,vecdeque_memory_mb,linkedlist_memory_mb,columnar_memory_mb
1000,0.003884,0.000035,0.000780,0.000030,0.000753,0.000010,0.000833,0.000041,0.003892,0.000022,0.001201,0.000020,0.000764,0.000023,0.000859,0.000032,0.009810,0.000076,0.002895,0.000642,0.001774,0.000086,0.007534,0.000231,0.003870,0.000010,0.000782,0.000033,0.000754,0.000012,0.000356,0.000028,2.2109,2.2109,2.2109,2.2109
10000,0.037501,0.001560,0.007394,0.000323,0.007031,0.000293,0.007945,0.000375,0.035837,0.000044,0.010883,0.000061,0.006878,0.000061,0.007626,0.000092,0.097289,0.004523,0.057603,0.072999,0.016347,0.000833,0.073036,0.004938,0.035160,0.000014,0.007036,0.000022,0.008135,0.003209,0.002981,0.000020,3.2773,3.2773,3.5312,3.5312
100000,0.392294,0.028041,0.073428,0.003675,0.073906,0.003529,0.098559,0.041419,0.373278,0.025096,0.115086,0.002583,0.070483,0.000441,0.078254,0.003087,1.083967,0.040469,0.306239,0.029550,0.248934,0.126802,0.807708,0.143624,0.367218,0.013862,0.074042,0.003582,0.072707,0.002902,0.033603,0.006703,14.9922,14.9922,17.3125,17.3125
1000000,4.454410,0.441484,0.814417,0.063639,0.803272,0.030261,1.430574,0.396431,4.498906,0.216979,1.310399,0.054838,0.850388,0.043154,1.117777,0.088972,28.945232,3.048002,5.869516,0.340993,4.334129,0.754482,10.170317,1.338172,3.851101,0.134912,0.765598,0.046774,0.742803,0.017819,0.358510,0.033528,131.6562,131.6562,154.6016,154.6016
