N,put_miss_mean_ms,put_miss_std_ms,put_hit_mean_ms,put_hit_std_ms,get_hit_mean_ms,get_hit_std_ms,get_miss_mean_ms,get_miss_std_ms,eviction_mean_ms,eviction_std_ms,memory_mb
1000,0.020800,0.001765,0.005505,0.000931,0.003614,0.000225,0.001960,0.000108,0.028935,0.002333,1.8320
10000,0.229928,0.012711,0.057661,0.007425,0.041811,0.009249,0.022266,0.005263,0.315976,0.010225,4.3555
100000,2.176485,0.146323,0.793411,0.048564,0.775163,0.037589,0.202159,0.006471,3.962275,0.372476,10.8867
1000000,21.773526,1.064094,23.858964,1.559058,24.031925,3.052410,1.980462,0.045966,82.587450,5.094551,76.4688
