N,put_miss_mean_ms,put_miss_std_ms,put_hit_mean_ms,put_hit_std_ms,get_hit_mean_ms,get_hit_std_ms,get_miss_mean_ms,get_miss_std_ms,eviction_mean_ms,eviction_std_ms,memory_mb
1000,0.084493,0.045068,0.065132,0.013568,0.078108,0.030097,0.046571,0.022279,0.144010,0.076361,79.6540
10000,0.408657,0.205510,0.484635,0.563392,0.182304,0.103231,0.124280,0.102324,0.281866,0.159097,107.4622
100000,3.340123,0.960408,3.622838,1.819062,1.723574,0.201682,0.992143,0.285646,3.084316,1.040753,110.1720
1000000,62.416527,40.379360,36.914813,31.304292,24.323940,18.940074,17.342458,14.761324,36.034206,20.389347,2620.2900
