N,put_miss_mean_ms,put_miss_std_ms,put_hit_mean_ms,put_hit_std_ms,get_hit_mean_ms,get_hit_std_ms,get_miss_mean_ms,get_miss_std_ms,eviction_mean_ms,eviction_std_ms,memory_mb
1000,0.099084,0.006947,0.112825,0.003143,0.105057,0.015920,0.041912,0.002786,0.284835,0.256036,13.1016
10000,0.973952,0.081715,1.230968,0.068528,1.040924,0.013330,0.435464,0.013231,1.870499,0.091571,14.6328
100000,11.697051,0.773473,12.470600,0.200865,10.625279,0.237184,4.223055,0.057791,20.158031,1.335972,42.8281
1000000,131.679424,3.557758,131.167839,1.088077,107.982934,1.313292,44.290370,2.814632,217.911792,11.846863,263.9219
