N,put_miss_mean_ms,put_miss_std_ms,put_hit_mean_ms,put_hit_std_ms,get_hit_mean_ms,get_hit_std_ms,get_miss_mean_ms,get_miss_std_ms,eviction_mean_ms,eviction_std_ms,memory_mb
1000,0.012535,0.000629,0.004954,0.000632,0.003436,0.000098,0.001229,0.000085,0.013876,0.001104,2.1602
10000,0.132225,0.015161,0.055756,0.002753,0.039723,0.001400,0.013248,0.002926,0.177608,0.024747,4.9336
100000,1.632497,0.142184,0.971326,0.053063,0.689461,0.049550,0.163426,0.051748,3.998229,0.568970,33.4805
1000000,29.039759,2.040753,32.300952,1.639149,24.165078,0.738202,1.230055,0.083214,106.261771,2.167267,266.1328
