N,put_miss_mean_ms,put_miss_std_ms,put_hit_mean_ms,put_hit_std_ms,get_hit_mean_ms,get_hit_std_ms,get_miss_mean_ms,get_miss_std_ms,eviction_mean_ms,eviction_std_ms,memory_mb
1000,0.036716,0.008194,0.013049,0.000342,0.012123,0.000779,0.004780,0.000295,0.031700,0.001630,3.7656
10000,0.375710,0.074715,0.302575,0.338209,0.212935,0.108194,0.052145,0.004907,0.464932,0.093260,20.7891
100000,3.997322,0.903703,2.383721,0.319891,2.419511,0.462092,0.559501,0.121814,7.277488,0.515337,194.6016
1000000,56.631741,7.735311,67.747445,8.861544,75.412397,17.752266,4.912383,0.288567,117.414282,9.760977,1792.3711
