N,binary_heap_push_mean_ms,binary_heap_push_std_ms,binary_heap_pop_mean_ms,binary_heap_pop_std_ms,binary_heap_peek_mean_ms,binary_heap_peek_std_ms,binary_heap_topk_mean_ms,binary_heap_topk_std_ms,b_tree_set_push_mean_ms,b_tree_set_push_std_ms,b_tree_set_pop_mean_ms,b_tree_set_pop_std_ms,b_tree_set_peek_mean_ms,b_tree_set_peek_std_ms,b_tree_set_topk_mean_ms,b_tree_set_topk_std_ms,sorted_vec_push_mean_ms,sorted_vec_push_std_ms,sorted_vec_pop_mean_ms,sorted_vec_pop_std_ms,sorted_vec_peek_mean_ms,sorted_vec_peek_std_ms,sorted_vec_topk_mean_ms,sorted_vec_topk_std_ms,vec_push_mean_ms,vec_push_std_ms,vec_pop_mean_ms,vec_pop_std_ms,vec_peek_mean_ms,vec_peek_std_ms,vec_topk_mean_ms,vec_topk_std_ms,binary_heap_memory_mb,b_tree_set_memory_mb,sorted_vec_memory_mb,vec_memory_mb
1000,0.004801,0.000359,0.015298,0.000176,0.000079,0.000018,0.012003,0.000281,0.037676,0.013760,0.010603,0.000881,0.000279,0.000112,0.021867,0.000475,0.017941,0.000054,0.000153,0.000065,0.000068,0.000016,0.014792,0.000421,0.000320,0.000106,0.000338,0.000043,0.000340,0.000043,0.000343,0.000059,1.0039,1.0039,1.0039,1.0039
10000,0.056626,0.001994,0.220737,0.010606,0.000538,0.000062,0.170061,0.004200,0.451124,0.144676,0.110114,0.004464,0.002017,0.000059,0.315509,0.011209,0.235352,0.002618,0.001440,0.000314,0.000453,0.000018,0.341388,0.003043,0.002633,0.000080,0.003011,0.000036,0.003034,0.000049,0.003039,0.000043,2.3477,2.3477,2.3477,2.3477
100000,0.719182,0.034723,1.822797,0.057202,0.004743,0.000268,1.213720,0.055508,4.145135,0.064196,1.155130,0.038874,0.022507,0.000894,4.349596,0.063672,2.705100,0.057090,0.018323,0.009945,0.003987,0.000401,19.668793,0.276345,0.023712,0.000249,0.026944,0.000061,0.027679,0.000890,0.028345,0.000072,5.4844,5.4844,5.4844,5.4844
1000000,7.762504,0.170781,17.311945,0.170627,0.040814,0.000992,14.814729,0.186632,47.716398,1.469454,11.655146,0.684733,0.264073,0.010577,50.876899,2.035586,32.980776,1.274930,0.465810,0.154488,0.043138,0.009749,4390.263672,89.699966,0.460904,0.053981,0.527123,0.046993,0.468419,0.040220,0.575738,0.044921,38.1797,38.1797,38.1797,38.1797
