N,insert_mean_ms,insert_std_ms,get_mean_ms,get_std_ms,memory_mb
1000,0.020000,0.003071,0.002057,0.000012,3.4375
10000,0.295543,0.050515,0.022253,0.001864,4.9648
100000,3.326089,0.599828,0.660378,0.260516,18.4922
1000000,57.550225,4.411378,16.562788,1.537756,129.5039
