N,insert_mean_ms,insert_std_ms,get_mean_ms,get_std_ms
1000,0.051760,0.006199,0.002058,0.000007
10000,0.576194,0.081630,0.023447,0.004858
100000,8.748869,0.204810,0.683324,0.072050
1000000,184.969935,13.138448,19.948178,2.078880
