load_factor,insert_mean_ms,insert_std_ms,get_mean_ms,get_std_ms
0.25,12.054338,7.546213,8.163663,7.866947
0.50,4.694944,1.101972,2.074684,0.308937
0.75,24.366232,11.806793,9.052106,2.412588
1.00,24.418624,29.361872,3.804420,0.668365
