N,insert_mean_ms,insert_std_ms,get_mean_ms,get_std_ms,memory_mb
1000,0.535777,0.282931,0.162672,0.076954,75.3957
10000,2.222474,1.802796,0.549351,0.503935,92.1896
100000,19.422954,1.628845,5.210610,0.747797,259.9451
1000000,254.845156,16.675996,117.915778,22.717206,1762.7602
