N,insert_mean_ms,insert_std_ms,get_mean_ms,get_std_ms
1000,0.187420,0.016163,0.112397,0.052268
10000,1.045282,0.522031,0.476588,0.390633
100000,16.312371,2.134851,4.383854,0.380882
1000000,392.063655,36.189208,124.450490,27.263863
