N,insert_mean_ms,insert_std_ms,get_mean_ms,get_std_ms,memory_mb
1000,0.820831,0.010555,0.979127,0.016092,0.6172
10000,10.933661,0.552219,12.239926,0.718374,5.3477
100000,220.927159,13.356192,300.927697,44.047137,46.3789
1000000,3610.227148,163.063308,4548.343501,227.859694,473.1016
