N,insert_mean_ms,insert_std_ms,get_mean_ms,get_std_ms
1000,1.264278,0.068101,1.324071,0.038406
10000,12.017890,1.210905,14.197548,0.833690
100000,373.026266,40.865752,386.650119,10.698353
1000000,4743.242660,226.437047,5610.725947,195.680902
