load_factor,insert_mean_ms,insert_std_ms,get_mean_ms,get_std_ms
0.25,2.949734,0.369598,0.193020,0.005372
0.5,2.656745,0.373489,0.233002,0.057491
0.75,2.393380,0.255275,0.198426,0.010961
1,7.375477,0.657093,0.224923,0.051097
