N,insert_mean_ms,insert_std_ms,get_mean_ms,get_std_ms,memory_mb
1000,0.043768,0.000541,0.002126,0.000020,1.0234
10000,0.533970,0.035246,0.020412,0.000177,3.2266
100000,9.941805,1.221425,0.205485,0.008040,14.6289
1000000,239.587360,40.733396,2.103685,0.141885,81.7031
