num_producers,num_consumers,capacity,total_items,elapsed_mean_ms,elapsed_std_ms,throughput_per_sec_mean,memory_mb
1,1,4096,100000,9.744324,0.814155,10262384.121777,2.0664
2,2,4096,100000,35.180946,15.396972,2842447.711085,4.0664
4,4,4096,100000,17.092943,3.682289,5850367.468016,5.9805
8,8,4096,100000,27.254481,5.880953,3669121.392045,8.1055
4,1,4096,100000,106.999419,18.110082,934584.515706,8.1055
1,4,4096,100000,95.300330,18.888167,1049314.314229,8.1055
