num_producers,num_consumers,capacity,total_items,elapsed_mean_ms,elapsed_std_ms,throughput_per_sec_mean,memory_mb
1,1,4096,100000,12.700787,6.572078,7873527.713306,99.0186
2,2,4096,100000,6.165227,1.344701,16220003.455510,126.8268
4,4,4096,100000,7.629622,0.412267,13106808.879737,182.9047
8,8,4096,100000,11.509183,2.082940,8688714.046862,294.5990
4,1,4096,100000,12.926070,2.120042,7736303.694357,23.0178
1,4,4096,100000,12.023519,0.834433,8317032.504094,49.0585
