num_producers,num_consumers,capacity,total_items,elapsed_mean_ms,elapsed_std_ms,throughput_per_sec_mean,memory_mb
1,1,4096,100000,12.021726,0.365481,8318273.376661,1.2461
2,2,4096,100000,20.044460,0.461689,4988909.653840,1.2930
4,4,4096,100000,35.164874,5.947846,2843746.875611,1.3398
8,8,4096,100000,41.828896,2.160105,2390691.820359,1.5234
4,1,4096,100000,467.618772,61.457250,213849.413031,1.5781
1,4,4096,100000,474.659758,87.780939,210677.223574,1.5820
