N,insert_mean_ms,insert_std_ms,get_mean_ms,get_std_ms,memory_mb
1000,0.009021,0.001216,0.036941,0.003706,1.8711
10000,0.080726,0.007067,0.414896,0.032708,3.6875
100000,0.784159,0.038920,5.428906,0.270307,4.3242
1000000,8.092421,0.345587,69.457722,3.152415,11.5938
