N,insert_mean_ms,insert_std_ms,get_mean_ms,get_std_ms,memory_mb
1000,0.078410,0.021671,0.081842,0.035445,75.4230
10000,0.484835,0.307401,0.578164,0.079519,75.4230
100000,1.648238,0.423365,5.778929,0.164765,78.9964
1000000,22.501055,4.006944,80.264666,3.909197,125.7536
