N,insert_mean_ms,insert_std_ms,get_mean_ms,get_std_ms,memory_mb
1000,0.071868,0.001318,0.183248,0.005127,13.1367
10000,0.742747,0.006355,2.159542,0.030404,13.3789
100000,8.228116,0.331777,26.096687,0.139887,17.9492
1000000,158.240316,20.054860,457.444748,14.521662,62.0391
