N,insert_mean_ms,insert_std_ms,get_mean_ms,get_std_ms,memory_mb
1000,0.008292,0.000079,0.028390,0.000200,1.0156
10000,0.077017,0.004002,0.371371,0.019749,1.0156
100000,0.820455,0.052260,5.059398,0.202847,2.6562
1000000,9.164404,0.293925,66.453668,0.811677,2.1914
