N,insert_mean_ms,insert_std_ms,get_mean_ms,get_std_ms,memory_mb
1000,0.000920,0.000084,0.000247,0.000011,1.8594
10000,0.012840,0.000533,0.002695,0.000255,3.7227
100000,0.206463,0.032846,0.029486,0.013111,4.6016
1000000,1.624079,0.272475,0.222221,0.079695,15.3242
