N,insert_mean_ms,insert_std_ms,get_mean_ms,get_std_ms,memory_mb
1000,0.116683,0.023184,0.087681,0.029827,29.3086
10000,1.347771,0.158433,0.908184,0.118767,29.5508
100000,11.773973,0.813180,7.790239,0.371106,33.6758
1000000,165.936882,6.426041,84.502998,7.159792,76.9219
