N,insert_mean_ms,insert_std_ms,get_mean_ms,get_std_ms,memory_mb
1000,0.000021,0.000016,0.000131,0.000015,1.8398
10000,0.000020,0.000002,0.001328,0.000006,1.8398
100000,0.000022,0.000004,0.011218,0.004172,4.0273
1000000,0.000033,0.000001,0.104186,0.007215,7.5391
