load_factor,insert_mean_ms,insert_std_ms,get_mean_ms,get_std_ms
0.250000,1.284942,0.348462,0.527539,0.161876
0.500000,0.871783,0.178573,0.376624,0.035440
0.750000,3.406278,0.289533,1.247278,0.388224
1.000000,3.786655,0.532151,0.861280,0.153246
