N,insert_mean_ms,insert_std_ms,get_mean_ms,get_std_ms,memory_mb
1000,0.116193,0.067748,0.107659,0.153973,75.3030
10000,0.981001,0.259059,0.425138,0.114454,75.3030
100000,1.058436,0.175151,0.128362,0.179888,78.8345
1000000,9.044789,0.943324,0.232422,0.017921,125.6336
