N,insert_mean_ms,insert_std_ms,get_mean_ms,get_std_ms,memory_mb
1000,0.034412,0.016646,0.029647,0.001078,12.8164
10000,0.274632,0.020909,0.310068,0.043101,13.0586
100000,2.818656,0.092435,2.879935,0.135380,16.9258
1000000,41.509804,3.048465,29.438608,0.635083,54.8828
