load_factor,insert_mean_ms,insert_std_ms,get_mean_ms,get_std_ms
0.25,190.614693,12.201971,267.134290,43.140826
0.5,191.785813,33.375959,182.471392,4.491377
0.75,364.461964,49.873256,401.366650,24.029148
1.0,246.222049,9.080798,296.593585,17.236566
