N,insert_mean_ms,insert_std_ms,get_mean_ms,get_std_ms,memory_mb
1000,0.001672,0.000173,0.000291,0.000070,1.0195
10000,0.015724,0.000216,0.002279,0.000043,1.0195
100000,0.203661,0.032022,0.021153,0.003490,2.2539
1000000,1.680603,0.123356,0.214778,0.024292,2.2539
