N,insert_mean_ms,insert_std_ms,get_mean_ms,get_std_ms
1000,0.068292,0.000727,0.002064,0.000023
10000,0.677709,0.075092,0.021387,0.003645
100000,15.594165,1.205467,0.237548,0.059826
1000000,292.542402,30.011696,2.204549,0.160568
