N,insert_mean_ms,insert_std_ms,get_mean_ms,get_std_ms,delete_mean_ms,delete_std_ms,memory_mb
1000,0.008581,0.000947,0.001383,0.000143,0.001139,0.000128,1.9570
10000,0.079021,0.009196,0.016917,0.004012,0.016458,0.005935,4.0820
100000,0.757797,0.076548,0.166008,0.028992,0.165200,0.060765,7.1758
1000000,8.817523,0.125203,3.616211,0.210640,3.322204,0.044989,37.9219
