N,insert_mean_ms,insert_std_ms,get_mean_ms,get_std_ms,delete_mean_ms,delete_std_ms,memory_mb
1000,0.063723,0.008767,0.055218,0.037972,0.004592,0.000305,73.5398
10000,0.637012,0.075512,0.417621,0.210855,0.055639,0.033785,76.0229
100000,3.619107,2.779340,0.506129,0.313011,0.190157,0.121717,101.6584
1000000,19.586381,7.826371,8.440064,12.345275,1.512076,0.259082,90.6143
