N,insert_mean_ms,insert_std_ms,get_mean_ms,get_std_ms,delete_mean_ms,delete_std_ms,memory_mb
1000,0.215074,0.111102,0.046320,0.001234,0.018277,0.001393,14.4414
10000,1.867674,0.096083,0.487226,0.072286,0.175435,0.011034,14.6836
100000,23.993945,1.726560,5.818115,0.373682,1.755562,0.041266,22.4180
1000000,540.627580,4.194138,121.850522,2.146320,18.454458,0.512069,98.2891
