N,insert_mean_ms,insert_std_ms,get_mean_ms,get_std_ms,delete_mean_ms,delete_std_ms,memory_mb
1000,0.009886,0.000455,0.000990,0.000017,0.002516,0.000015,1.1094
10000,0.089342,0.006578,0.009162,0.000547,0.023882,0.001181,2.3242
100000,1.005994,0.116047,0.102119,0.013991,0.252305,0.026408,5.4648
1000000,10.381899,0.840009,2.992200,0.973697,4.080543,0.941943,36.2812
